[
{"ar":"الرئيسية","en":"Home"},
{"ar":"بحث","en":"Search"},
{"ar":"تواصل","en":"Like"},
{"ar":"دردشة","en":"Messages"},
{"ar":"لوحة الإدارة","en":"Admin Panel"},
{"ar":"تفضل بالدخول","en":"Log In"},
{"ar":"العمر الأدنى","en":"Min Age"},
{"ar":"العمر الأقصى","en":"Max Age"},
{"ar":"عرض","en":"Gender"},
{"ar":"الأحدث ظهوراً","en":"Latest Active"},
{"ar":"الأحدث إشتراكاً","en":"Latest Registered"},
{"ar":"لا يوجد إقتراحات مناسبة","en":"There are no Suggestions !"},
{"ar":"إستعادة","en":"Reset"},
{"ar":"أعجبهم","en":"Likers"},
{"ar":"يعجبونني","en":"Likees"},
{"ar":"من أعجبت بهم","en":"My Likees"},
{"ar":"من أعجبوا بي","en":"My Likers"},
{"ar":"المنصورة","en":"Mansoura"},
{"ar":"القاهرة","en":"Cairo"},
{"ar":"حولي","en":"Hawalli"},
{"ar":"عنابة","en":"Annaba"},
{"ar":"الدمام","en":"Dammam"},
{"ar":"الدوحة","en":"Doha"},
{"ar":"عمان","en":"Amman"},
{"ar":"أكادير","en":"Agadir"},
{"ar":"أبو ظبي","en":"Abu Dhabi"},
{"ar":"بغداد","en":"Baghdad"},
{"ar":"الرياض","en":"Riyadh"},
{"ar":"طرابلس","en":"Tripoly"},
{"ar":"المنامة","en":"Manama"},
{"ar":"حلب","en":"Halab"},
{"ar":"بيروت","en":"Bairut"},
{"ar":"إشتراك مدى الحياة ... فقط خمسون دولار","en":"Join Us For Ever ... with Only 50$"},
{"ar":"عذرا.. هذه الخدمة مدفوعة الأجر يمكنك الإشتراك الآن","en":"Sorry.. This Service Is Paid You Can Join Us Now"}
]